,alpha,delta,u,g,r,i,z,redshift
count,100000.000000,100000.000000,100000.000000,100000.000000,100000.000000,100000.000000,100000.000000,100000.000000
mean,177.629117,24.135305,21.980468,20.531387,19.645762,19.084854,18.668810,0.576661
std,96.502241,19.644665,31.769291,31.750292,1.854760,1.757895,31.728152,0.730707
min,0.005528,-18.785328,-9999.000000,-9999.000000,9.822070,9.469903,-9999.000000,-0.009971
25%,127.518222,5.146771,20.352353,18.965230,18.135828,17.732285,17.460677,0.054517
50%,180.900700,23.645922,22.179135,21.099835,20.125290,19.405145,19.004595,0.424173
75%,233.895005,39.901550,23.687440,22.123767,21.044785,20.396495,19.921120,0.704154
max,359.999810,83.000519,32.781390,31.602240,29.571860,32.141470,29.383740,7.011245
